Node,Quat
UV52,C81D
Node_203,C81D
UV49,C81A
Node_905,C81A
DD_201,C81A
UV50,C81B
Node_905,C81B
DD_201,C81B
UV51,C81C
Node_905,C81C
DD_201,C81C
UV53,C81E
Node_905,C81E
DD_201,C81E
UV54,C81F
Node_204,C81F
Node_568,C81F
UV55,C81G
Node_204,C81G
Node_568,C81G
UV56,C81H
Node_204,C81H
Node_568,C81H
UV57,C81J
Node_204,C81J
Node_568,C81J
UV58,C81K
Node_204,C81K
Node_568,C81K
UV59,C81L
Node_204,C81L
Node_568,C81L
UV60,C81M
Node_204,C81M
Node_568,C81M
UV61,C82A
Node_204,C82A
Node_568,C82A
UV62,C82B
Node_204,C82B
Node_568,C82B
UV63,C82C
Node_204,C82C
Node_568,C82C
UV64,C82D
DD_570,C82D
UV65,C82E
DD_570,C82E
UV66,C82F
Node_574,C82F
Node_577,C82F
UV67,C82G
Node_574,C82G
Node_577,C82G
UV68,C82H
Node_574,C82H
Node_577,C82H
UV69,C83A
Node_916,C83A
Node_907,C83A
Saulspoor,C83A
UV70,C83B
Node_490,C83B
Node_491,C83B
UV71,C83C
Node_490,C83C
Node_491,C83C
UV72,C83D
Node_490,C83D
Node_491,C83D
UV73,C83E
Node_490,C83E
Node_491,C83E
UV74,C83F
Node_490,C83F
Node_491,C83F
UV75,C83G
Node_490,C83G
Node_491,C83G
UV76,C83H
Node_490,C83H
Node_491,C83H
UV77,C83J
Node_362,C83J
UV1,C11A
Node_287,C11A
Node_100,C11A
DD_200,C11A
UV2,C11B
Node_287,C11B
Node_100,C11B
DD_200,C11B
UV3,C11C
Node_287,C11C
Node_100,C11C
DD_200,C11C
UV4,C11D
Node_287,C11D
Node_100,C11D
DD_200,C11D
UV5,C11E
Node_34,C11E
Node_372,C11E
Node_903,C11E
Node_373,C11E
Node_374,C11E
UV6,C11F
Node_34,C11F
Node_372,C11F
Node_903,C11F
Node_373,C11F
Node_374,C11F
UV7,C11G
Node_34,C11G
Node_372,C11G
Node_903,C11G
Node_373,C11G
Node_374,C11G
UV8,C11H
Node_904,C11H
DD_381,C11H
UV9,C11J
Node_392,C11J
Node_402,C11J
Groot_Dam,C11J
UV10,C11K
Node_392,C11K
Node_402,C11K
Groot_Dam,C11K
UV11,C11L
Node_392,C11L
Node_402,C11L
Groot_Dam,C11L
UV16,C12D
Node_555,C12D
Node_631,C12D
Node_633,C12D
DD_628,C12D
UV24,C13A
Node_250,C13A
Node_900,C13A
UV25,C13B
Node_901,C13B
DD_429,C13B
UV26,C13C
Node_466,C13C
Node_498,C13C
Node_902,C13C
UV27,C13D
Node_466,C13D
Node_498,C13D
Node_902,C13D
UV28,C13E
Node_466,C13E
Node_498,C13E
Node_902,C13E
UV29,C13F
Node_466,C13F
Node_498,C13F
Node_902,C13F
UV12,C11M
Node_412,C11M
Node_2,C11M
Node_205,C11M
Node_908,C11M
Node_563,C11M
UV30,C13G
Node_412,C13G
Node_2,C13G
Node_205,C13G
Node_908,C13G
Node_563,C13G
UV31,C13H
Node_412,C13H
Node_2,C13H
Node_205,C13H
Node_908,C13H
Node_563,C13H
UV13,C12A
Node_910,C12A
DD_202,C12A
UV14,C12B
Node_910,C12B
DD_202,C12B
UV15,C12C
Node_910,C12C
DD_202,C12C
UV17,C12E
Node_560,C12E
Node_562,C12E
Node_634,C12E
DD_557,C12E
UV18,C12F
Node_560,C12F
Node_562,C12F
Node_634,C12F
DD_557,C12F
UV19,C12G
Node_637,C12G
Node_641,C12G
DD_639,C12G
UV20,C12H
Node_206,C12H
Node_913,C12H
Node_1793,C12H
UV21,C12J
Node_206,C12J
Node_913,C12J
Node_1793,C12J
UV22,C12K
Node_206,C12K
Node_913,C12K
Node_1793,C12K
UV23,C12L
Vaal_Dam,C12L
UV78,C83K
Node_915,C83K
DD_544,C83K
UV79,C83L
Node_915,C83L
DD_544,C83L
UV80,C83M
Node_915,C83M
DD_544,C83M
